sku,nome_produto,custo_unitario,data_vigencia_inicio,observacao
N45X20BR5,Cabeceira de Cama Estofada Modular Nuvem Autoadesiva Sem Furos Painel MDF 45x20cm Branco - Solteiro,33.77,2026-06-01,
N45X20BR7,Cabeceira de Cama Estofada Modular Nuvem Autoadesiva Sem Furos Painel MDF 45x20cm Branco - Casal,46.3,2026-06-01,
N45X20BR8,Cabeceira de Cama Estofada Modular Nuvem Autoadesiva Sem Furos Painel MDF 45x20cm Branco - Queen,52.57,2026-06-01,
N45X20BR10,Cabeceira de Cama Estofada Modular Nuvem Autoadesiva Sem Furos Painel MDF 45x20cm Branco - King,65.1,2026-06-01,
N45X20BG5,Cabeceira de Cama Estofada Modular Nuvem Autoadesiva Sem Furos Painel MDF 45x20cm Bege - Solteiro,33.95,2026-06-01,
N45X20BG7,Cabeceira de Cama Estofada Modular Nuvem Autoadesiva Sem Furos Painel MDF 45x20cm Bege - Casal,46.55,2026-06-01,
N45X20BG8,Cabeceira de Cama Estofada Modular Nuvem Autoadesiva Sem Furos Painel MDF 45x20cm Bege - Queen,52.86,2026-06-01,
N45X20BG10,Cabeceira de Cama Estofada Modular Nuvem Autoadesiva Sem Furos Painel MDF 45x20cm Bege - King,65.46,2026-06-01,
N45X20MA5,Cabeceira de Cama Estofada Modular Nuvem Autoadesiva Sem Furos Painel MDF 45x20cm Azul Marinho - Solteiro,33.95,2026-06-01,
N45X20MA7,Cabeceira de Cama Estofada Modular Nuvem Autoadesiva Sem Furos Painel MDF 45x20cm Azul Marinho - Casal,46.55,2026-06-01,
N45X20MA8,Cabeceira de Cama Estofada Modular Nuvem Autoadesiva Sem Furos Painel MDF 45x20cm Azul Marinho - Queen,52.86,2026-06-01,
N45X20MA10,Cabeceira de Cama Estofada Modular Nuvem Autoadesiva Sem Furos Painel MDF 45x20cm Azul Marinho - King,65.46,2026-06-01,
N45X20AB5,Cabeceira de Cama Estofada Modular Nuvem Autoadesiva Sem Furos Painel MDF 45x20cm Azul Bebê - Solteiro,33.95,2026-06-01,
N45X20AB7,Cabeceira de Cama Estofada Modular Nuvem Autoadesiva Sem Furos Painel MDF 45x20cm Azul Bebê - Casal,46.55,2026-06-01,
N45X20AB8,Cabeceira de Cama Estofada Modular Nuvem Autoadesiva Sem Furos Painel MDF 45x20cm Azul Bebê - Queen,52.86,2026-06-01,
N45X20AB10,Cabeceira de Cama Estofada Modular Nuvem Autoadesiva Sem Furos Painel MDF 45x20cm Azul Bebê - King,65.46,2026-06-01,
N45X20CZ5,Cabeceira de Cama Estofada Modular Nuvem Autoadesiva Sem Furos Painel MDF 45x20cm Cinza - Solteiro,33.95,2026-06-01,
N45X20CZ7,Cabeceira de Cama Estofada Modular Nuvem Autoadesiva Sem Furos Painel MDF 45x20cm Cinza - Casal,46.55,2026-06-01,
N45X20CZ8,Cabeceira de Cama Estofada Modular Nuvem Autoadesiva Sem Furos Painel MDF 45x20cm Cinza - Queen,52.86,2026-06-01,
N45X20CZ10,Cabeceira de Cama Estofada Modular Nuvem Autoadesiva Sem Furos Painel MDF 45x20cm Cinza - King,65.46,2026-06-01,
N45X20RC5,Cabeceira de Cama Estofada Modular Nuvem Autoadesiva Sem Furos Painel MDF 45x20cm Rosa Claro - Solteiro,33.95,2026-06-01,
N45X20RC7,Cabeceira de Cama Estofada Modular Nuvem Autoadesiva Sem Furos Painel MDF 45x20cm Rosa Claro - Casal,46.55,2026-06-01,
N45X20RC8,Cabeceira de Cama Estofada Modular Nuvem Autoadesiva Sem Furos Painel MDF 45x20cm Rosa Claro - Queen,52.86,2026-06-01,
N45X20RC10,Cabeceira de Cama Estofada Modular Nuvem Autoadesiva Sem Furos Painel MDF 45x20cm Rosa Claro - King,65.46,2026-06-01,
R45X20BG5,Cabeceira de Cama Estofada Modular Autoadesiva Sem Furos Painel MDF 45x20cm Bege - Solteiro,33.95,2026-06-01,
R45X20BG7,Cabeceira de Cama Estofada Modular Autoadesiva Sem Furos Painel MDF 45x20cm Bege - Casal,46.55,2026-06-01,
R45X20BG8,Cabeceira de Cama Estofada Modular Autoadesiva Sem Furos Painel MDF 45x20cm Bege - Queen,52.86,2026-06-01,
R45X20BG10,Cabeceira de Cama Estofada Modular Autoadesiva Sem Furos Painel MDF 45x20cm Bege - King,65.46,2026-06-01,
R45X20MA5,Cabeceira de Cama Estofada Modular Autoadesiva Sem Furos Painel MDF 45x20cm Azul Marinho - Solteiro,33.95,2026-06-01,
R45X20MA7,Cabeceira de Cama Estofada Modular Autoadesiva Sem Furos Painel MDF 45x20cm Azul Marinho - Casal,46.55,2026-06-01,
R45X20MA8,Cabeceira de Cama Estofada Modular Autoadesiva Sem Furos Painel MDF 45x20cm Azul Marinho - Queen,52.86,2026-06-01,
R45X20MA10,Cabeceira de Cama Estofada Modular Autoadesiva Sem Furos Painel MDF 45x20cm Azul Marinho - King,65.46,2026-06-01,
R45X20CZ5,Cabeceira de Cama Estofada Modular Autoadesiva Sem Furos Painel MDF 45x20cm Cinza - Solteiro,33.95,2026-06-01,
R45X20CZ7,Cabeceira de Cama Estofada Modular Autoadesiva Sem Furos Painel MDF 45x20cm Cinza - Casal,46.55,2026-06-01,
R45X20CZ8,Cabeceira de Cama Estofada Modular Autoadesiva Sem Furos Painel MDF 45x20cm Cinza - Queen,52.86,2026-06-01,
R45X20CZ10,Cabeceira de Cama Estofada Modular Autoadesiva Sem Furos Painel MDF 45x20cm Cinza - King,65.46,2026-06-01,
R45X20MR5,Cabeceira de Cama Estofada Modular Autoadesiva Sem Furos Painel MDF 45x20cm Marrom - Solteiro,33.95,2026-06-01,
R45X20MR7,Cabeceira de Cama Estofada Modular Autoadesiva Sem Furos Painel MDF 45x20cm Marrom - Casal,46.55,2026-06-01,
R45X20MR8,Cabeceira de Cama Estofada Modular Autoadesiva Sem Furos Painel MDF 45x20cm Marrom - Queen,52.86,2026-06-01,
R45X20MR10,Cabeceira de Cama Estofada Modular Autoadesiva Sem Furos Painel MDF 45x20cm Marrom - King,65.46,2026-06-01,
R45X20PT5,Cabeceira de Cama Estofada Modular Autoadesiva Sem Furos Painel MDF 45x20cm Preto - Solteiro,33.95,2026-06-01,
R45X20PT7,Cabeceira de Cama Estofada Modular Autoadesiva Sem Furos Painel MDF 45x20cm Preto - Casal,46.55,2026-06-01,
R45X20PT8,Cabeceira de Cama Estofada Modular Autoadesiva Sem Furos Painel MDF 45x20cm Preto - Queen,52.86,2026-06-01,
R45X20PT10,Cabeceira de Cama Estofada Modular Autoadesiva Sem Furos Painel MDF 45x20cm Preto - King,65.46,2026-06-01,
R45X20R5,Cabeceira de Cama Estofada Modular Autoadesiva Sem Furos Painel MDF 45x20cm Rosê - Solteiro,33.95,2026-06-01,
R45X20R7,Cabeceira de Cama Estofada Modular Autoadesiva Sem Furos Painel MDF 45x20cm Rosê - Casal,46.55,2026-06-01,
R45X20R8,Cabeceira de Cama Estofada Modular Autoadesiva Sem Furos Painel MDF 45x20cm Rosê - Queen,52.86,2026-06-01,
R45X20R10,Cabeceira de Cama Estofada Modular Autoadesiva Sem Furos Painel MDF 45x20cm Rosê - King,65.46,2026-06-01,
EPP-05,Escada para Pets 2 Degraus MDF 33x31cm Antiderrapante Suporta até 40kg Cães e Gatos Acesso Sofá Cama Montável,24.48,2026-06-01,
KDC-09,Painel Porta Retrato de Parede Família MDF 6 Fotos Decorativo 50x45cm,12.9,2026-06-01,
EST-CARAMELO-C-1un,Esteira Porta Copos Sofá Flexível Apoio de Braço com Suporte para Controle MDF Caramelo Com Controle,10.21,2026-06-01,
EST-TABACO-C-1un,Esteira Porta Copos Sofá Flexível Apoio de Braço com Suporte para Controle MDF Tabaco Com Controle,10.21,2026-06-01,
EST-CARAMELO-S-1un,Esteira Porta Copos Sofá Flexível Apoio de Braço com Suporte para Controle MDF Caramelo Sem Controle,10.21,2026-06-01,
EST-TABACO-S-1un,Esteira Porta Copos Sofá Flexível Apoio de Braço com Suporte para Controle MDF Tabaco Sem Controle,10.21,2026-06-01,
ORG-SACOLA,Organizador de Sacolas Puxa Saco MDF Casinha Decorativo Parede Cozinha,7.7,2026-06-01,
KDC-02,Kit Quadros Decorativos Parede Amor Love Coração MDF Frase Abençoado por Deus,7.18,2026-06-01,
KDC-01,Kit Quadros Decorativos Parede Cantinho do Café Porta Chaves Amor MDF Abençoado por Deus,13.51,2026-06-01,
PLA24-01,Kit 24 Placas Cobogó MDF 29x29 Painel Vazado Divisória Decorativa Amadeirado,52.23,2026-06-01,
CNT-03,Expositor Escada MDF 4 Degraus Suporte Doces Festa Vitrine Organizador Desmontável,5.19,2026-06-01,
CNT-07,Kit 10 Centros de Mesa Castelo MDF Lembrancinha Festa Infantil Cachepot Princesa Decorativo,20.46,2026-06-01,
ESC4-01,Escada Expositora MDF 4 Andares Para Doces Festa Vitrine Organizador Decorativo,16.44,2026-06-01,
3MES-01,Trio De Mesas Decorativas MDF Cru Para Festa Evento Expositor Doces,29.23,2026-06-01,
CNT-08,Trio Borboletas Display MDF 3D Decoração Festa Mesa Enfeite,6.91,2026-06-01,
KFP-06,Porta Doces Cupcake MDF 3 Andares Suporte Mesa Festa,9.98,2026-06-01,
KF-02,Kit 3 Capas Cilindro + Painel Redondo Festa Infantil Tecido Premium Fazendinha,68.35,2026-06-01,
KF-05,Kit 3 Capas Cilindro + Painel Redondo Festa Infantil Tecido Premium Pirata,68.35,2026-06-01,
KF-153,Kit 3 Capas Cilindro + Painel Redondo Festa Infantil Tecido Premium Fundo do Mar,68.35,2026-06-01,
KF-163,Kit 3 Capas Cilindro + Painel Redondo Festa Infantil Tecido Premium Jardim Encantado,68.35,2026-06-01,
CMD-02-BR-MC,Comedouro Elevado Pet MDF Duplo 2 Potes Para Gatos e Cachorros Marrom Claro Pote Branco,8.3,2026-06-01,
CMD-02-PT-MC,Comedouro Elevado Pet MDF Duplo 2 Potes Para Gatos e Cachorros Marrom Claro Pote Preto,8.3,2026-06-01,
CMD-02-BR-ME,Comedouro Elevado Pet MDF Duplo 2 Potes Para Gatos e Cachorros Marrom Escuro Pote Branco,8.3,2026-06-01,
CMD-02-PT-ME,Comedouro Elevado Pet MDF Duplo 2 Potes Para Gatos e Cachorros Marrom Escuro Pote Preto,8.3,2026-06-01,
KF-45,Kit 3 Capas Cilindro + Painel Redondo Chá Revelação Tecido Premium Estampa 1,68.35,2026-06-01,
KF-56,Kit 3 Capas Cilindro + Painel Redondo Chá Revelação Tecido Premium Estampa 2,68.35,2026-06-01,
KCL-133,Kit 3 Capas Cilindro Efeito Ripado Tecido Premium Decorativo Festa Branco,44.9,2026-06-01,
KCL-135,Kit 3 Capas Cilindro Efeito Ripado Tecido Premium Decorativo Festa Amarelo,44.9,2026-06-01,
KCL-138,Kit 3 Capas Cilindro Efeito Ripado Tecido Premium Decorativo Festa Colorido,44.9,2026-06-01,
KF-133,Kit 3 Capas Cilindro + Painel Redondo Efeito Ripado Tecido Premium Branco,68.35,2026-06-01,
KF-137,Kit 3 Capas Cilindro + Painel Redondo Efeito Ripado Tecido Premium Rosa,68.35,2026-06-01,
KF-138,Kit 3 Capas Cilindro + Painel Redondo Efeito Ripado Tecido Premium Colorido,68.35,2026-06-01,
PET-01,Caminha Pet MDF Para Gatos e Cachorros Pequenos Tipo Berço,24.27,2026-06-01,
KF-59,Kit 3 Capas Cilindro + Painel Redondo Feliz Aniversário Tecido Premium Balões Coloridos,68.35,2026-06-01,
KF-60,Kit 3 Capas Cilindro + Painel Redondo Feliz Aniversário Tecido Premium Balões Neon,68.35,2026-06-01,
KF-61,Kit 3 Capas Cilindro + Painel Redondo Feliz Aniversário Tecido Premium Luxo Dourado,68.35,2026-06-01,
KF-67,Kit 3 Capas Cilindro + Painel Redondo Feliz Aniversário Tecido Premium Floral Dourado,68.35,2026-06-01,
KF-71,Kit 3 Capas Cilindro + Painel Redondo Feliz Aniversário Tecido Premium Floral Rosé,68.35,2026-06-01,
TESTE-CASA-PATAS-001,Coleira Teste Casa e Patas,15.0,2026-06-01,Custo de Teste
